{"cameraMode":{"drawMode":0,"name":"Shaded","section":"Shading Mode"},"sceneLighting":false,"audioPlay":false,"sceneViewState":{"m_AlwaysRefresh":false,"showFog":true,"showSkybox":false,"showFlares":true,"showImageEffects":true,"showParticleSystems":true,"showVisualEffectGraphs":true,"m_FxEnabled":true},"in2DMode":false,"pivot":{"x":-0.28931093215942385,"y":0.2189006805419922,"z":99.44134521484375},"rotation":{"x":-0.14072352647781373,"y":0.6961982846260071,"z":-0.14512892067432404,"w":-0.6898110508918762},"size":0.8660253882408142,"orthographic":false}