{"cameraMode":{"drawMode":0,"name":"Shaded","section":"Shading Mode"},"sceneLighting":false,"audioPlay":false,"sceneViewState":{"m_AlwaysRefresh":false,"showFog":true,"showSkybox":false,"showFlares":true,"showImageEffects":true,"showParticleSystems":true,"showVisualEffectGraphs":true,"m_FxEnabled":true},"in2DMode":false,"pivot":{"x":5.496958255767822,"y":24.656429290771486,"z":298.1247253417969},"rotation":{"x":-0.39486148953437807,"y":0.02970784716308117,"z":-0.014225902035832405,"w":-0.9188923835754395},"size":6.030860424041748,"orthographic":false}